,Var,Var_label
0,GEO.id,Id
1,GEO.id2,Id2
2,GEO.display-label,Geography
3,HC01_VC03,Estimate; HOUSEHOLDS BY TYPE - Total households
4,HC02_VC03,Estimate Margin of Error; HOUSEHOLDS BY TYPE - Total households
5,HC03_VC03,Percent; HOUSEHOLDS BY TYPE - Total households
6,HC04_VC03,Percent Margin of Error; HOUSEHOLDS BY TYPE - Total households
7,HC01_VC04,Estimate; HOUSEHOLDS BY TYPE - Family households (families)
8,HC02_VC04,Estimate Margin of Error; HOUSEHOLDS BY TYPE - Family households (families)
9,HC03_VC04,Percent; HOUSEHOLDS BY TYPE - Family households (families)
10,HC04_VC04,Percent Margin of Error; HOUSEHOLDS BY TYPE - Family households (families)
11,HC01_VC06,Estimate; HOUSEHOLDS BY TYPE - Family households (families) - With own children under 18 years
12,HC02_VC06,Estimate Margin of Error; HOUSEHOLDS BY TYPE - Family households (families) - With own children under 18 years
13,HC03_VC06,Percent; HOUSEHOLDS BY TYPE - Family households (families) - With own children under 18 years
14,HC04_VC06,Percent Margin of Error; HOUSEHOLDS BY TYPE - Family households (families) - With own children under 18 years
15,HC01_VC07,Estimate; HOUSEHOLDS BY TYPE - Family households (families) - Married-couple family
16,HC02_VC07,Estimate Margin of Error; HOUSEHOLDS BY TYPE - Family households (families) - Married-couple family
17,HC03_VC07,Percent; HOUSEHOLDS BY TYPE - Family households (families) - Married-couple family
18,HC04_VC07,Percent Margin of Error; HOUSEHOLDS BY TYPE - Family households (families) - Married-couple family
19,HC01_VC08,Estimate; HOUSEHOLDS BY TYPE - Family households (families) - Married-couple family - With own children under 18 years
20,HC02_VC08,Estimate Margin of Error; HOUSEHOLDS BY TYPE - Family households (families) - Married-couple family - With own children under 18 years
21,HC03_VC08,Percent; HOUSEHOLDS BY TYPE - Family households (families) - Married-couple family - With own children under 18 years
22,HC04_VC08,Percent Margin of Error; HOUSEHOLDS BY TYPE - Family households (families) - Married-couple family - With own children under 18 years
23,HC01_VC09,"Estimate; HOUSEHOLDS BY TYPE - Family households (families) - Male householder, no wife present, family"
24,HC02_VC09,"Estimate Margin of Error; HOUSEHOLDS BY TYPE - Family households (families) - Male householder, no wife present, family"
25,HC03_VC09,"Percent; HOUSEHOLDS BY TYPE - Family households (families) - Male householder, no wife present, family"
26,HC04_VC09,"Percent Margin of Error; HOUSEHOLDS BY TYPE - Family households (families) - Male householder, no wife present, family"
27,HC01_VC10,"Estimate; HOUSEHOLDS BY TYPE - Family households (families) - Male householder, no wife present, family - With own children under 18 years"
28,HC02_VC10,"Estimate Margin of Error; HOUSEHOLDS BY TYPE - Family households (families) - Male householder, no wife present, family - With own children under 18 years"
29,HC03_VC10,"Percent; HOUSEHOLDS BY TYPE - Family households (families) - Male householder, no wife present, family - With own children under 18 years"
30,HC04_VC10,"Percent Margin of Error; HOUSEHOLDS BY TYPE - Family households (families) - Male householder, no wife present, family - With own children under 18 years"
31,HC01_VC11,"Estimate; HOUSEHOLDS BY TYPE - Family households (families) - Female householder, no husband present, family"
32,HC02_VC11,"Estimate Margin of Error; HOUSEHOLDS BY TYPE - Family households (families) - Female householder, no husband present, family"
33,HC03_VC11,"Percent; HOUSEHOLDS BY TYPE - Family households (families) - Female householder, no husband present, family"
34,HC04_VC11,"Percent Margin of Error; HOUSEHOLDS BY TYPE - Family households (families) - Female householder, no husband present, family"
35,HC01_VC12,"Estimate; HOUSEHOLDS BY TYPE - Family households (families) - Female householder, no husband present, family - With own children under 18 years"
36,HC02_VC12,"Estimate Margin of Error; HOUSEHOLDS BY TYPE - Family households (families) - Female householder, no husband present, family - With own children under 18 years"
37,HC03_VC12,"Percent; HOUSEHOLDS BY TYPE - Family households (families) - Female householder, no husband present, family - With own children under 18 years"
38,HC04_VC12,"Percent Margin of Error; HOUSEHOLDS BY TYPE - Family households (families) - Female householder, no husband present, family - With own children under 18 years"
39,HC01_VC13,Estimate; HOUSEHOLDS BY TYPE - Nonfamily households
40,HC02_VC13,Estimate Margin of Error; HOUSEHOLDS BY TYPE - Nonfamily households
41,HC03_VC13,Percent; HOUSEHOLDS BY TYPE - Nonfamily households
42,HC04_VC13,Percent Margin of Error; HOUSEHOLDS BY TYPE - Nonfamily households
43,HC01_VC14,Estimate; HOUSEHOLDS BY TYPE - Nonfamily households - Householder living alone
44,HC02_VC14,Estimate Margin of Error; HOUSEHOLDS BY TYPE - Nonfamily households - Householder living alone
45,HC03_VC14,Percent; HOUSEHOLDS BY TYPE - Nonfamily households - Householder living alone
46,HC04_VC14,Percent Margin of Error; HOUSEHOLDS BY TYPE - Nonfamily households - Householder living alone
47,HC01_VC15,Estimate; HOUSEHOLDS BY TYPE - Nonfamily households - Householder living alone - 65 years and over
48,HC02_VC15,Estimate Margin of Error; HOUSEHOLDS BY TYPE - Nonfamily households - Householder living alone - 65 years and over
49,HC03_VC15,Percent; HOUSEHOLDS BY TYPE - Nonfamily households - Householder living alone - 65 years and over
50,HC04_VC15,Percent Margin of Error; HOUSEHOLDS BY TYPE - Nonfamily households - Householder living alone - 65 years and over
51,HC01_VC17,Estimate; HOUSEHOLDS BY TYPE - Households with one or more people under 18 years
52,HC02_VC17,Estimate Margin of Error; HOUSEHOLDS BY TYPE - Households with one or more people under 18 years
53,HC03_VC17,Percent; HOUSEHOLDS BY TYPE - Households with one or more people under 18 years
54,HC04_VC17,Percent Margin of Error; HOUSEHOLDS BY TYPE - Households with one or more people under 18 years
55,HC01_VC18,Estimate; HOUSEHOLDS BY TYPE - Households with one or more people 65 years and over
56,HC02_VC18,Estimate Margin of Error; HOUSEHOLDS BY TYPE - Households with one or more people 65 years and over
57,HC03_VC18,Percent; HOUSEHOLDS BY TYPE - Households with one or more people 65 years and over
58,HC04_VC18,Percent Margin of Error; HOUSEHOLDS BY TYPE - Households with one or more people 65 years and over
59,HC01_VC20,Estimate; HOUSEHOLDS BY TYPE - Average household size
60,HC02_VC20,Estimate Margin of Error; HOUSEHOLDS BY TYPE - Average household size
61,HC03_VC20,Percent; HOUSEHOLDS BY TYPE - Average household size
62,HC04_VC20,Percent Margin of Error; HOUSEHOLDS BY TYPE - Average household size
63,HC01_VC21,Estimate; HOUSEHOLDS BY TYPE - Average family size
64,HC02_VC21,Estimate Margin of Error; HOUSEHOLDS BY TYPE - Average family size
65,HC03_VC21,Percent; HOUSEHOLDS BY TYPE - Average family size
66,HC04_VC21,Percent Margin of Error; HOUSEHOLDS BY TYPE - Average family size
67,HC01_VC25,Estimate; RELATIONSHIP - Population in households
68,HC02_VC25,Estimate Margin of Error; RELATIONSHIP - Population in households
69,HC03_VC25,Percent; RELATIONSHIP - Population in households
70,HC04_VC25,Percent Margin of Error; RELATIONSHIP - Population in households
71,HC01_VC26,Estimate; RELATIONSHIP - Householder
72,HC02_VC26,Estimate Margin of Error; RELATIONSHIP - Householder
73,HC03_VC26,Percent; RELATIONSHIP - Householder
74,HC04_VC26,Percent Margin of Error; RELATIONSHIP - Householder
75,HC01_VC27,Estimate; RELATIONSHIP - Spouse
76,HC02_VC27,Estimate Margin of Error; RELATIONSHIP - Spouse
77,HC03_VC27,Percent; RELATIONSHIP - Spouse
78,HC04_VC27,Percent Margin of Error; RELATIONSHIP - Spouse
79,HC01_VC28,Estimate; RELATIONSHIP - Child
80,HC02_VC28,Estimate Margin of Error; RELATIONSHIP - Child
81,HC03_VC28,Percent; RELATIONSHIP - Child
82,HC04_VC28,Percent Margin of Error; RELATIONSHIP - Child
83,HC01_VC29,Estimate; RELATIONSHIP - Other relatives
84,HC02_VC29,Estimate Margin of Error; RELATIONSHIP - Other relatives
85,HC03_VC29,Percent; RELATIONSHIP - Other relatives
86,HC04_VC29,Percent Margin of Error; RELATIONSHIP - Other relatives
87,HC01_VC30,Estimate; RELATIONSHIP - Nonrelatives
88,HC02_VC30,Estimate Margin of Error; RELATIONSHIP - Nonrelatives
89,HC03_VC30,Percent; RELATIONSHIP - Nonrelatives
90,HC04_VC30,Percent Margin of Error; RELATIONSHIP - Nonrelatives
91,HC01_VC31,Estimate; RELATIONSHIP - Nonrelatives - Unmarried partner
92,HC02_VC31,Estimate Margin of Error; RELATIONSHIP - Nonrelatives - Unmarried partner
93,HC03_VC31,Percent; RELATIONSHIP - Nonrelatives - Unmarried partner
94,HC04_VC31,Percent Margin of Error; RELATIONSHIP - Nonrelatives - Unmarried partner
95,HC01_VC35,Estimate; MARITAL STATUS - Males 15 years and over
96,HC02_VC35,Estimate Margin of Error; MARITAL STATUS - Males 15 years and over
97,HC03_VC35,Percent; MARITAL STATUS - Males 15 years and over
98,HC04_VC35,Percent Margin of Error; MARITAL STATUS - Males 15 years and over
99,HC01_VC36,Estimate; MARITAL STATUS - Never married
100,HC02_VC36,Estimate Margin of Error; MARITAL STATUS - Never married
101,HC03_VC36,Percent; MARITAL STATUS - Never married
102,HC04_VC36,Percent Margin of Error; MARITAL STATUS - Never married
103,HC01_VC37,"Estimate; MARITAL STATUS - Now married, except separated"
104,HC02_VC37,"Estimate Margin of Error; MARITAL STATUS - Now married, except separated"
105,HC03_VC37,"Percent; MARITAL STATUS - Now married, except separated"
106,HC04_VC37,"Percent Margin of Error; MARITAL STATUS - Now married, except separated"
107,HC01_VC38,Estimate; MARITAL STATUS - Separated
108,HC02_VC38,Estimate Margin of Error; MARITAL STATUS - Separated
109,HC03_VC38,Percent; MARITAL STATUS - Separated
110,HC04_VC38,Percent Margin of Error; MARITAL STATUS - Separated
111,HC01_VC39,Estimate; MARITAL STATUS - Widowed
112,HC02_VC39,Estimate Margin of Error; MARITAL STATUS - Widowed
113,HC03_VC39,Percent; MARITAL STATUS - Widowed
114,HC04_VC39,Percent Margin of Error; MARITAL STATUS - Widowed
115,HC01_VC40,Estimate; MARITAL STATUS - Divorced
116,HC02_VC40,Estimate Margin of Error; MARITAL STATUS - Divorced
117,HC03_VC40,Percent; MARITAL STATUS - Divorced
118,HC04_VC40,Percent Margin of Error; MARITAL STATUS - Divorced
119,HC01_VC42,Estimate; MARITAL STATUS - Females 15 years and over
120,HC02_VC42,Estimate Margin of Error; MARITAL STATUS - Females 15 years and over
121,HC03_VC42,Percent; MARITAL STATUS - Females 15 years and over
122,HC04_VC42,Percent Margin of Error; MARITAL STATUS - Females 15 years and over
123,HC01_VC43,Estimate; MARITAL STATUS - Never married
124,HC02_VC43,Estimate Margin of Error; MARITAL STATUS - Never married
125,HC03_VC43,Percent; MARITAL STATUS - Never married
126,HC04_VC43,Percent Margin of Error; MARITAL STATUS - Never married
127,HC01_VC44,"Estimate; MARITAL STATUS - Now married, except separated"
128,HC02_VC44,"Estimate Margin of Error; MARITAL STATUS - Now married, except separated"
129,HC03_VC44,"Percent; MARITAL STATUS - Now married, except separated"
130,HC04_VC44,"Percent Margin of Error; MARITAL STATUS - Now married, except separated"
131,HC01_VC45,Estimate; MARITAL STATUS - Separated
132,HC02_VC45,Estimate Margin of Error; MARITAL STATUS - Separated
133,HC03_VC45,Percent; MARITAL STATUS - Separated
134,HC04_VC45,Percent Margin of Error; MARITAL STATUS - Separated
135,HC01_VC46,Estimate; MARITAL STATUS - Widowed
136,HC02_VC46,Estimate Margin of Error; MARITAL STATUS - Widowed
137,HC03_VC46,Percent; MARITAL STATUS - Widowed
138,HC04_VC46,Percent Margin of Error; MARITAL STATUS - Widowed
139,HC01_VC47,Estimate; MARITAL STATUS - Divorced
140,HC02_VC47,Estimate Margin of Error; MARITAL STATUS - Divorced
141,HC03_VC47,Percent; MARITAL STATUS - Divorced
142,HC04_VC47,Percent Margin of Error; MARITAL STATUS - Divorced
143,HC01_VC51,Estimate; FERTILITY - Number of women 15 to 50 years old who had a birth in the past 12 months
144,HC02_VC51,Estimate Margin of Error; FERTILITY - Number of women 15 to 50 years old who had a birth in the past 12 months
145,HC03_VC51,Percent; FERTILITY - Number of women 15 to 50 years old who had a birth in the past 12 months
146,HC04_VC51,Percent Margin of Error; FERTILITY - Number of women 15 to 50 years old who had a birth in the past 12 months
147,HC01_VC52,"Estimate; FERTILITY - Unmarried women (widowed, divorced, and never married)"
148,HC02_VC52,"Estimate Margin of Error; FERTILITY - Unmarried women (widowed, divorced, and never married)"
149,HC03_VC52,"Percent; FERTILITY - Unmarried women (widowed, divorced, and never married)"
150,HC04_VC52,"Percent Margin of Error; FERTILITY - Unmarried women (widowed, divorced, and never married)"
151,HC01_VC53,"Estimate; FERTILITY - Unmarried women (widowed, divorced, and never married) - Per 1,000 unmarried women"
152,HC02_VC53,"Estimate Margin of Error; FERTILITY - Unmarried women (widowed, divorced, and never married) - Per 1,000 unmarried women"
153,HC03_VC53,"Percent; FERTILITY - Unmarried women (widowed, divorced, and never married) - Per 1,000 unmarried women"
154,HC04_VC53,"Percent Margin of Error; FERTILITY - Unmarried women (widowed, divorced, and never married) - Per 1,000 unmarried women"
155,HC01_VC54,"Estimate; FERTILITY - Per 1,000 women 15 to 50 years old"
156,HC02_VC54,"Estimate Margin of Error; FERTILITY - Per 1,000 women 15 to 50 years old"
157,HC03_VC54,"Percent; FERTILITY - Per 1,000 women 15 to 50 years old"
158,HC04_VC54,"Percent Margin of Error; FERTILITY - Per 1,000 women 15 to 50 years old"
159,HC01_VC55,"Estimate; FERTILITY - Per 1,000 women 15 to 50 years old - Per 1,000 women 15 to 19 years old"
160,HC02_VC55,"Estimate Margin of Error; FERTILITY - Per 1,000 women 15 to 50 years old - Per 1,000 women 15 to 19 years old"
161,HC03_VC55,"Percent; FERTILITY - Per 1,000 women 15 to 50 years old - Per 1,000 women 15 to 19 years old"
162,HC04_VC55,"Percent Margin of Error; FERTILITY - Per 1,000 women 15 to 50 years old - Per 1,000 women 15 to 19 years old"
163,HC01_VC56,"Estimate; FERTILITY - Per 1,000 women 15 to 50 years old - Per 1,000 women 20 to 34 years old"
164,HC02_VC56,"Estimate Margin of Error; FERTILITY - Per 1,000 women 15 to 50 years old - Per 1,000 women 20 to 34 years old"
165,HC03_VC56,"Percent; FERTILITY - Per 1,000 women 15 to 50 years old - Per 1,000 women 20 to 34 years old"
166,HC04_VC56,"Percent Margin of Error; FERTILITY - Per 1,000 women 15 to 50 years old - Per 1,000 women 20 to 34 years old"
167,HC01_VC57,"Estimate; FERTILITY - Per 1,000 women 15 to 50 years old - Per 1,000 women 35 to 50 years old"
168,HC02_VC57,"Estimate Margin of Error; FERTILITY - Per 1,000 women 15 to 50 years old - Per 1,000 women 35 to 50 years old"
169,HC03_VC57,"Percent; FERTILITY - Per 1,000 women 15 to 50 years old - Per 1,000 women 35 to 50 years old"
170,HC04_VC57,"Percent Margin of Error; FERTILITY - Per 1,000 women 15 to 50 years old - Per 1,000 women 35 to 50 years old"
171,HC01_VC61,Estimate; GRANDPARENTS - Number of grandparents living with own grandchildren under 18 years
172,HC02_VC61,Estimate Margin of Error; GRANDPARENTS - Number of grandparents living with own grandchildren under 18 years
173,HC03_VC61,Percent; GRANDPARENTS - Number of grandparents living with own grandchildren under 18 years
174,HC04_VC61,Percent Margin of Error; GRANDPARENTS - Number of grandparents living with own grandchildren under 18 years
175,HC01_VC62,Estimate; GRANDPARENTS - Responsible for grandchildren
176,HC02_VC62,Estimate Margin of Error; GRANDPARENTS - Responsible for grandchildren
177,HC03_VC62,Percent; GRANDPARENTS - Responsible for grandchildren
178,HC04_VC62,Percent Margin of Error; GRANDPARENTS - Responsible for grandchildren
179,HC01_VC64,Estimate; GRANDPARENTS - Responsible for grandchildren - Years responsible for grandchildren - Less than 1 year
180,HC02_VC64,Estimate Margin of Error; GRANDPARENTS - Responsible for grandchildren - Years responsible for grandchildren - Less than 1 year
181,HC03_VC64,Percent; GRANDPARENTS - Responsible for grandchildren - Years responsible for grandchildren - Less than 1 year
182,HC04_VC64,Percent Margin of Error; GRANDPARENTS - Responsible for grandchildren - Years responsible for grandchildren - Less than 1 year
183,HC01_VC65,Estimate; GRANDPARENTS - Responsible for grandchildren - Years responsible for grandchildren - 1 or 2 years
184,HC02_VC65,Estimate Margin of Error; GRANDPARENTS - Responsible for grandchildren - Years responsible for grandchildren - 1 or 2 years
185,HC03_VC65,Percent; GRANDPARENTS - Responsible for grandchildren - Years responsible for grandchildren - 1 or 2 years
186,HC04_VC65,Percent Margin of Error; GRANDPARENTS - Responsible for grandchildren - Years responsible for grandchildren - 1 or 2 years
187,HC01_VC66,Estimate; GRANDPARENTS - Responsible for grandchildren - Years responsible for grandchildren - 3 or 4 years
188,HC02_VC66,Estimate Margin of Error; GRANDPARENTS - Responsible for grandchildren - Years responsible for grandchildren - 3 or 4 years
189,HC03_VC66,Percent; GRANDPARENTS - Responsible for grandchildren - Years responsible for grandchildren - 3 or 4 years
190,HC04_VC66,Percent Margin of Error; GRANDPARENTS - Responsible for grandchildren - Years responsible for grandchildren - 3 or 4 years
191,HC01_VC67,Estimate; GRANDPARENTS - Responsible for grandchildren - Years responsible for grandchildren - 5 or more years
192,HC02_VC67,Estimate Margin of Error; GRANDPARENTS - Responsible for grandchildren - Years responsible for grandchildren - 5 or more years
193,HC03_VC67,Percent; GRANDPARENTS - Responsible for grandchildren - Years responsible for grandchildren - 5 or more years
194,HC04_VC67,Percent Margin of Error; GRANDPARENTS - Responsible for grandchildren - Years responsible for grandchildren - 5 or more years
195,HC01_VC69,Estimate; GRANDPARENTS - Number of grandparents responsible for own grandchildren under 18 years
196,HC02_VC69,Estimate Margin of Error; GRANDPARENTS - Number of grandparents responsible for own grandchildren under 18 years
197,HC03_VC69,Percent; GRANDPARENTS - Number of grandparents responsible for own grandchildren under 18 years
198,HC04_VC69,Percent Margin of Error; GRANDPARENTS - Number of grandparents responsible for own grandchildren under 18 years
199,HC01_VC70,Estimate; GRANDPARENTS - Who are female
200,HC02_VC70,Estimate Margin of Error; GRANDPARENTS - Who are female
201,HC03_VC70,Percent; GRANDPARENTS - Who are female
202,HC04_VC70,Percent Margin of Error; GRANDPARENTS - Who are female
203,HC01_VC71,Estimate; GRANDPARENTS - Who are married
204,HC02_VC71,Estimate Margin of Error; GRANDPARENTS - Who are married
205,HC03_VC71,Percent; GRANDPARENTS - Who are married
206,HC04_VC71,Percent Margin of Error; GRANDPARENTS - Who are married
207,HC01_VC75,Estimate; SCHOOL ENROLLMENT - Population 3 years and over enrolled in school
208,HC02_VC75,Estimate Margin of Error; SCHOOL ENROLLMENT - Population 3 years and over enrolled in school
209,HC03_VC75,Percent; SCHOOL ENROLLMENT - Population 3 years and over enrolled in school
210,HC04_VC75,Percent Margin of Error; SCHOOL ENROLLMENT - Population 3 years and over enrolled in school
211,HC01_VC76,"Estimate; SCHOOL ENROLLMENT - Nursery school, preschool"
212,HC02_VC76,"Estimate Margin of Error; SCHOOL ENROLLMENT - Nursery school, preschool"
213,HC03_VC76,"Percent; SCHOOL ENROLLMENT - Nursery school, preschool"
214,HC04_VC76,"Percent Margin of Error; SCHOOL ENROLLMENT - Nursery school, preschool"
215,HC01_VC77,Estimate; SCHOOL ENROLLMENT - Kindergarten
216,HC02_VC77,Estimate Margin of Error; SCHOOL ENROLLMENT - Kindergarten
217,HC03_VC77,Percent; SCHOOL ENROLLMENT - Kindergarten
218,HC04_VC77,Percent Margin of Error; SCHOOL ENROLLMENT - Kindergarten
219,HC01_VC78,Estimate; SCHOOL ENROLLMENT - Elementary school (grades 1-8)
220,HC02_VC78,Estimate Margin of Error; SCHOOL ENROLLMENT - Elementary school (grades 1-8)
221,HC03_VC78,Percent; SCHOOL ENROLLMENT - Elementary school (grades 1-8)
222,HC04_VC78,Percent Margin of Error; SCHOOL ENROLLMENT - Elementary school (grades 1-8)
223,HC01_VC79,Estimate; SCHOOL ENROLLMENT - High school (grades 9-12)
224,HC02_VC79,Estimate Margin of Error; SCHOOL ENROLLMENT - High school (grades 9-12)
225,HC03_VC79,Percent; SCHOOL ENROLLMENT - High school (grades 9-12)
226,HC04_VC79,Percent Margin of Error; SCHOOL ENROLLMENT - High school (grades 9-12)
227,HC01_VC80,Estimate; SCHOOL ENROLLMENT - College or graduate school
228,HC02_VC80,Estimate Margin of Error; SCHOOL ENROLLMENT - College or graduate school
229,HC03_VC80,Percent; SCHOOL ENROLLMENT - College or graduate school
230,HC04_VC80,Percent Margin of Error; SCHOOL ENROLLMENT - College or graduate school
231,HC01_VC84,Estimate; EDUCATIONAL ATTAINMENT - Population 25 years and over
232,HC02_VC84,Estimate Margin of Error; EDUCATIONAL ATTAINMENT - Population 25 years and over
233,HC03_VC84,Percent; EDUCATIONAL ATTAINMENT - Population 25 years and over
234,HC04_VC84,Percent Margin of Error; EDUCATIONAL ATTAINMENT - Population 25 years and over
235,HC01_VC85,Estimate; EDUCATIONAL ATTAINMENT - Less than 9th grade
236,HC02_VC85,Estimate Margin of Error; EDUCATIONAL ATTAINMENT - Less than 9th grade
237,HC03_VC85,Percent; EDUCATIONAL ATTAINMENT - Less than 9th grade
238,HC04_VC85,Percent Margin of Error; EDUCATIONAL ATTAINMENT - Less than 9th grade
239,HC01_VC86,"Estimate; EDUCATIONAL ATTAINMENT - 9th to 12th grade, no diploma"
240,HC02_VC86,"Estimate Margin of Error; EDUCATIONAL ATTAINMENT - 9th to 12th grade, no diploma"
241,HC03_VC86,"Percent; EDUCATIONAL ATTAINMENT - 9th to 12th grade, no diploma"
242,HC04_VC86,"Percent Margin of Error; EDUCATIONAL ATTAINMENT - 9th to 12th grade, no diploma"
243,HC01_VC87,Estimate; EDUCATIONAL ATTAINMENT - High school graduate (includes equivalency)
244,HC02_VC87,Estimate Margin of Error; EDUCATIONAL ATTAINMENT - High school graduate (includes equivalency)
245,HC03_VC87,Percent; EDUCATIONAL ATTAINMENT - High school graduate (includes equivalency)
246,HC04_VC87,Percent Margin of Error; EDUCATIONAL ATTAINMENT - High school graduate (includes equivalency)
247,HC01_VC88,"Estimate; EDUCATIONAL ATTAINMENT - Some college, no degree"
248,HC02_VC88,"Estimate Margin of Error; EDUCATIONAL ATTAINMENT - Some college, no degree"
249,HC03_VC88,"Percent; EDUCATIONAL ATTAINMENT - Some college, no degree"
250,HC04_VC88,"Percent Margin of Error; EDUCATIONAL ATTAINMENT - Some college, no degree"
251,HC01_VC89,Estimate; EDUCATIONAL ATTAINMENT - Associate's degree
252,HC02_VC89,Estimate Margin of Error; EDUCATIONAL ATTAINMENT - Associate's degree
253,HC03_VC89,Percent; EDUCATIONAL ATTAINMENT - Associate's degree
254,HC04_VC89,Percent Margin of Error; EDUCATIONAL ATTAINMENT - Associate's degree
255,HC01_VC90,Estimate; EDUCATIONAL ATTAINMENT - Bachelor's degree
256,HC02_VC90,Estimate Margin of Error; EDUCATIONAL ATTAINMENT - Bachelor's degree
257,HC03_VC90,Percent; EDUCATIONAL ATTAINMENT - Bachelor's degree
258,HC04_VC90,Percent Margin of Error; EDUCATIONAL ATTAINMENT - Bachelor's degree
259,HC01_VC91,Estimate; EDUCATIONAL ATTAINMENT - Graduate or professional degree
260,HC02_VC91,Estimate Margin of Error; EDUCATIONAL ATTAINMENT - Graduate or professional degree
261,HC03_VC91,Percent; EDUCATIONAL ATTAINMENT - Graduate or professional degree
262,HC04_VC91,Percent Margin of Error; EDUCATIONAL ATTAINMENT - Graduate or professional degree
263,HC01_VC93,Estimate; EDUCATIONAL ATTAINMENT - Percent high school graduate or higher
264,HC02_VC93,Estimate Margin of Error; EDUCATIONAL ATTAINMENT - Percent high school graduate or higher
265,HC03_VC93,Percent; EDUCATIONAL ATTAINMENT - Percent high school graduate or higher
266,HC04_VC93,Percent Margin of Error; EDUCATIONAL ATTAINMENT - Percent high school graduate or higher
267,HC01_VC94,Estimate; EDUCATIONAL ATTAINMENT - Percent bachelor's degree or higher
268,HC02_VC94,Estimate Margin of Error; EDUCATIONAL ATTAINMENT - Percent bachelor's degree or higher
269,HC03_VC94,Percent; EDUCATIONAL ATTAINMENT - Percent bachelor's degree or higher
270,HC04_VC94,Percent Margin of Error; EDUCATIONAL ATTAINMENT - Percent bachelor's degree or higher
271,HC01_VC98,Estimate; VETERAN STATUS - Civilian population 18 years and over
272,HC02_VC98,Estimate Margin of Error; VETERAN STATUS - Civilian population 18 years and over
273,HC03_VC98,Percent; VETERAN STATUS - Civilian population 18 years and over
274,HC04_VC98,Percent Margin of Error; VETERAN STATUS - Civilian population 18 years and over
275,HC01_VC99,Estimate; VETERAN STATUS - Civilian veterans
276,HC02_VC99,Estimate Margin of Error; VETERAN STATUS - Civilian veterans
277,HC03_VC99,Percent; VETERAN STATUS - Civilian veterans
278,HC04_VC99,Percent Margin of Error; VETERAN STATUS - Civilian veterans
279,HC01_VC103,Estimate; DISABILITY STATUS OF THE CIVILIAN NONINSTITUTIONALIZED POPULATION - Total Civilian Noninstitutionalized Population
280,HC02_VC103,Estimate Margin of Error; DISABILITY STATUS OF THE CIVILIAN NONINSTITUTIONALIZED POPULATION - Total Civilian Noninstitutionalized Population
281,HC03_VC103,Percent; DISABILITY STATUS OF THE CIVILIAN NONINSTITUTIONALIZED POPULATION - Total Civilian Noninstitutionalized Population
282,HC04_VC103,Percent Margin of Error; DISABILITY STATUS OF THE CIVILIAN NONINSTITUTIONALIZED POPULATION - Total Civilian Noninstitutionalized Population
283,HC01_VC104,Estimate; DISABILITY STATUS OF THE CIVILIAN NONINSTITUTIONALIZED POPULATION - With a disability
284,HC02_VC104,Estimate Margin of Error; DISABILITY STATUS OF THE CIVILIAN NONINSTITUTIONALIZED POPULATION - With a disability
285,HC03_VC104,Percent; DISABILITY STATUS OF THE CIVILIAN NONINSTITUTIONALIZED POPULATION - With a disability
286,HC04_VC104,Percent Margin of Error; DISABILITY STATUS OF THE CIVILIAN NONINSTITUTIONALIZED POPULATION - With a disability
287,HC01_VC106,Estimate; DISABILITY STATUS OF THE CIVILIAN NONINSTITUTIONALIZED POPULATION - Under 18 years
288,HC02_VC106,Estimate Margin of Error; DISABILITY STATUS OF THE CIVILIAN NONINSTITUTIONALIZED POPULATION - Under 18 years
289,HC03_VC106,Percent; DISABILITY STATUS OF THE CIVILIAN NONINSTITUTIONALIZED POPULATION - Under 18 years
290,HC04_VC106,Percent Margin of Error; DISABILITY STATUS OF THE CIVILIAN NONINSTITUTIONALIZED POPULATION - Under 18 years
291,HC01_VC107,Estimate; DISABILITY STATUS OF THE CIVILIAN NONINSTITUTIONALIZED POPULATION - With a disability
292,HC02_VC107,Estimate Margin of Error; DISABILITY STATUS OF THE CIVILIAN NONINSTITUTIONALIZED POPULATION - With a disability
293,HC03_VC107,Percent; DISABILITY STATUS OF THE CIVILIAN NONINSTITUTIONALIZED POPULATION - With a disability
294,HC04_VC107,Percent Margin of Error; DISABILITY STATUS OF THE CIVILIAN NONINSTITUTIONALIZED POPULATION - With a disability
295,HC01_VC109,Estimate; DISABILITY STATUS OF THE CIVILIAN NONINSTITUTIONALIZED POPULATION - 18 to 64 years
296,HC02_VC109,Estimate Margin of Error; DISABILITY STATUS OF THE CIVILIAN NONINSTITUTIONALIZED POPULATION - 18 to 64 years
297,HC03_VC109,Percent; DISABILITY STATUS OF THE CIVILIAN NONINSTITUTIONALIZED POPULATION - 18 to 64 years
298,HC04_VC109,Percent Margin of Error; DISABILITY STATUS OF THE CIVILIAN NONINSTITUTIONALIZED POPULATION - 18 to 64 years
299,HC01_VC110,Estimate; DISABILITY STATUS OF THE CIVILIAN NONINSTITUTIONALIZED POPULATION - With a disability
300,HC02_VC110,Estimate Margin of Error; DISABILITY STATUS OF THE CIVILIAN NONINSTITUTIONALIZED POPULATION - With a disability
301,HC03_VC110,Percent; DISABILITY STATUS OF THE CIVILIAN NONINSTITUTIONALIZED POPULATION - With a disability
302,HC04_VC110,Percent Margin of Error; DISABILITY STATUS OF THE CIVILIAN NONINSTITUTIONALIZED POPULATION - With a disability
303,HC01_VC112,Estimate; DISABILITY STATUS OF THE CIVILIAN NONINSTITUTIONALIZED POPULATION - 65 years and over
304,HC02_VC112,Estimate Margin of Error; DISABILITY STATUS OF THE CIVILIAN NONINSTITUTIONALIZED POPULATION - 65 years and over
305,HC03_VC112,Percent; DISABILITY STATUS OF THE CIVILIAN NONINSTITUTIONALIZED POPULATION - 65 years and over
306,HC04_VC112,Percent Margin of Error; DISABILITY STATUS OF THE CIVILIAN NONINSTITUTIONALIZED POPULATION - 65 years and over
307,HC01_VC113,Estimate; DISABILITY STATUS OF THE CIVILIAN NONINSTITUTIONALIZED POPULATION - With a disability
308,HC02_VC113,Estimate Margin of Error; DISABILITY STATUS OF THE CIVILIAN NONINSTITUTIONALIZED POPULATION - With a disability
309,HC03_VC113,Percent; DISABILITY STATUS OF THE CIVILIAN NONINSTITUTIONALIZED POPULATION - With a disability
310,HC04_VC113,Percent Margin of Error; DISABILITY STATUS OF THE CIVILIAN NONINSTITUTIONALIZED POPULATION - With a disability
311,HC01_VC117,Estimate; RESIDENCE 1 YEAR AGO - Population 1 year and over
312,HC02_VC117,Estimate Margin of Error; RESIDENCE 1 YEAR AGO - Population 1 year and over
313,HC03_VC117,Percent; RESIDENCE 1 YEAR AGO - Population 1 year and over
314,HC04_VC117,Percent Margin of Error; RESIDENCE 1 YEAR AGO - Population 1 year and over
315,HC01_VC118,Estimate; RESIDENCE 1 YEAR AGO - Same house
316,HC02_VC118,Estimate Margin of Error; RESIDENCE 1 YEAR AGO - Same house
317,HC03_VC118,Percent; RESIDENCE 1 YEAR AGO - Same house
318,HC04_VC118,Percent Margin of Error; RESIDENCE 1 YEAR AGO - Same house
319,HC01_VC119,Estimate; RESIDENCE 1 YEAR AGO - Different house in the U.S.
320,HC02_VC119,Estimate Margin of Error; RESIDENCE 1 YEAR AGO - Different house in the U.S.
321,HC03_VC119,Percent; RESIDENCE 1 YEAR AGO - Different house in the U.S.
322,HC04_VC119,Percent Margin of Error; RESIDENCE 1 YEAR AGO - Different house in the U.S.
323,HC01_VC120,Estimate; RESIDENCE 1 YEAR AGO - Different house in the U.S. - Same county
324,HC02_VC120,Estimate Margin of Error; RESIDENCE 1 YEAR AGO - Different house in the U.S. - Same county
325,HC03_VC120,Percent; RESIDENCE 1 YEAR AGO - Different house in the U.S. - Same county
326,HC04_VC120,Percent Margin of Error; RESIDENCE 1 YEAR AGO - Different house in the U.S. - Same county
327,HC01_VC121,Estimate; RESIDENCE 1 YEAR AGO - Different house in the U.S. - Different county
328,HC02_VC121,Estimate Margin of Error; RESIDENCE 1 YEAR AGO - Different house in the U.S. - Different county
329,HC03_VC121,Percent; RESIDENCE 1 YEAR AGO - Different house in the U.S. - Different county
330,HC04_VC121,Percent Margin of Error; RESIDENCE 1 YEAR AGO - Different house in the U.S. - Different county
331,HC01_VC122,Estimate; RESIDENCE 1 YEAR AGO - Different house in the U.S. - Different county - Same state
332,HC02_VC122,Estimate Margin of Error; RESIDENCE 1 YEAR AGO - Different house in the U.S. - Different county - Same state
333,HC03_VC122,Percent; RESIDENCE 1 YEAR AGO - Different house in the U.S. - Different county - Same state
334,HC04_VC122,Percent Margin of Error; RESIDENCE 1 YEAR AGO - Different house in the U.S. - Different county - Same state
335,HC01_VC123,Estimate; RESIDENCE 1 YEAR AGO - Different house in the U.S. - Different county - Different state
336,HC02_VC123,Estimate Margin of Error; RESIDENCE 1 YEAR AGO - Different house in the U.S. - Different county - Different state
337,HC03_VC123,Percent; RESIDENCE 1 YEAR AGO - Different house in the U.S. - Different county - Different state
338,HC04_VC123,Percent Margin of Error; RESIDENCE 1 YEAR AGO - Different house in the U.S. - Different county - Different state
339,HC01_VC124,Estimate; RESIDENCE 1 YEAR AGO - Abroad
340,HC02_VC124,Estimate Margin of Error; RESIDENCE 1 YEAR AGO - Abroad
341,HC03_VC124,Percent; RESIDENCE 1 YEAR AGO - Abroad
342,HC04_VC124,Percent Margin of Error; RESIDENCE 1 YEAR AGO - Abroad
343,HC01_VC128,Estimate; PLACE OF BIRTH - Total population
344,HC02_VC128,Estimate Margin of Error; PLACE OF BIRTH - Total population
345,HC03_VC128,Percent; PLACE OF BIRTH - Total population
346,HC04_VC128,Percent Margin of Error; PLACE OF BIRTH - Total population
347,HC01_VC129,Estimate; PLACE OF BIRTH - Native
348,HC02_VC129,Estimate Margin of Error; PLACE OF BIRTH - Native
349,HC03_VC129,Percent; PLACE OF BIRTH - Native
350,HC04_VC129,Percent Margin of Error; PLACE OF BIRTH - Native
351,HC01_VC130,Estimate; PLACE OF BIRTH - Native - Born in United States
352,HC02_VC130,Estimate Margin of Error; PLACE OF BIRTH - Native - Born in United States
353,HC03_VC130,Percent; PLACE OF BIRTH - Native - Born in United States
354,HC04_VC130,Percent Margin of Error; PLACE OF BIRTH - Native - Born in United States
355,HC01_VC131,Estimate; PLACE OF BIRTH - Native - Born in United States - State of residence
356,HC02_VC131,Estimate Margin of Error; PLACE OF BIRTH - Native - Born in United States - State of residence
357,HC03_VC131,Percent; PLACE OF BIRTH - Native - Born in United States - State of residence
358,HC04_VC131,Percent Margin of Error; PLACE OF BIRTH - Native - Born in United States - State of residence
359,HC01_VC132,Estimate; PLACE OF BIRTH - Native - Born in United States - Different state
360,HC02_VC132,Estimate Margin of Error; PLACE OF BIRTH - Native - Born in United States - Different state
361,HC03_VC132,Percent; PLACE OF BIRTH - Native - Born in United States - Different state
362,HC04_VC132,Percent Margin of Error; PLACE OF BIRTH - Native - Born in United States - Different state
363,HC01_VC133,"Estimate; PLACE OF BIRTH - Native - Born in Puerto Rico, U.S. Island areas, or born abroad to American parent(s)"
364,HC02_VC133,"Estimate Margin of Error; PLACE OF BIRTH - Native - Born in Puerto Rico, U.S. Island areas, or born abroad to American parent(s)"
365,HC03_VC133,"Percent; PLACE OF BIRTH - Native - Born in Puerto Rico, U.S. Island areas, or born abroad to American parent(s)"
366,HC04_VC133,"Percent Margin of Error; PLACE OF BIRTH - Native - Born in Puerto Rico, U.S. Island areas, or born abroad to American parent(s)"
367,HC01_VC134,Estimate; PLACE OF BIRTH - Foreign born
368,HC02_VC134,Estimate Margin of Error; PLACE OF BIRTH - Foreign born
369,HC03_VC134,Percent; PLACE OF BIRTH - Foreign born
370,HC04_VC134,Percent Margin of Error; PLACE OF BIRTH - Foreign born
371,HC01_VC138,Estimate; U.S. CITIZENSHIP STATUS - Foreign-born population
372,HC02_VC138,Estimate Margin of Error; U.S. CITIZENSHIP STATUS - Foreign-born population
373,HC03_VC138,Percent; U.S. CITIZENSHIP STATUS - Foreign-born population
374,HC04_VC138,Percent Margin of Error; U.S. CITIZENSHIP STATUS - Foreign-born population
375,HC01_VC139,Estimate; U.S. CITIZENSHIP STATUS - Naturalized U.S. citizen
376,HC02_VC139,Estimate Margin of Error; U.S. CITIZENSHIP STATUS - Naturalized U.S. citizen
377,HC03_VC139,Percent; U.S. CITIZENSHIP STATUS - Naturalized U.S. citizen
378,HC04_VC139,Percent Margin of Error; U.S. CITIZENSHIP STATUS - Naturalized U.S. citizen
379,HC01_VC140,Estimate; U.S. CITIZENSHIP STATUS - Not a U.S. citizen
380,HC02_VC140,Estimate Margin of Error; U.S. CITIZENSHIP STATUS - Not a U.S. citizen
381,HC03_VC140,Percent; U.S. CITIZENSHIP STATUS - Not a U.S. citizen
382,HC04_VC140,Percent Margin of Error; U.S. CITIZENSHIP STATUS - Not a U.S. citizen
383,HC01_VC144,Estimate; YEAR OF ENTRY - Population born outside the United States
384,HC02_VC144,Estimate Margin of Error; YEAR OF ENTRY - Population born outside the United States
385,HC03_VC144,Percent; YEAR OF ENTRY - Population born outside the United States
386,HC04_VC144,Percent Margin of Error; YEAR OF ENTRY - Population born outside the United States
387,HC01_VC146,Estimate; YEAR OF ENTRY - Native
388,HC02_VC146,Estimate Margin of Error; YEAR OF ENTRY - Native
389,HC03_VC146,Percent; YEAR OF ENTRY - Native
390,HC04_VC146,Percent Margin of Error; YEAR OF ENTRY - Native
391,HC01_VC147,Estimate; YEAR OF ENTRY - Entered 2000 or later
392,HC02_VC147,Estimate Margin of Error; YEAR OF ENTRY - Entered 2000 or later
393,HC03_VC147,Percent; YEAR OF ENTRY - Entered 2000 or later
394,HC04_VC147,Percent Margin of Error; YEAR OF ENTRY - Entered 2000 or later
395,HC01_VC148,Estimate; YEAR OF ENTRY - Entered before 2000
396,HC02_VC148,Estimate Margin of Error; YEAR OF ENTRY - Entered before 2000
397,HC03_VC148,Percent; YEAR OF ENTRY - Entered before 2000
398,HC04_VC148,Percent Margin of Error; YEAR OF ENTRY - Entered before 2000
399,HC01_VC150,Estimate; YEAR OF ENTRY - Foreign born
400,HC02_VC150,Estimate Margin of Error; YEAR OF ENTRY - Foreign born
401,HC03_VC150,Percent; YEAR OF ENTRY - Foreign born
402,HC04_VC150,Percent Margin of Error; YEAR OF ENTRY - Foreign born
403,HC01_VC151,Estimate; YEAR OF ENTRY - Entered 2000 or later
404,HC02_VC151,Estimate Margin of Error; YEAR OF ENTRY - Entered 2000 or later
405,HC03_VC151,Percent; YEAR OF ENTRY - Entered 2000 or later
406,HC04_VC151,Percent Margin of Error; YEAR OF ENTRY - Entered 2000 or later
407,HC01_VC152,Estimate; YEAR OF ENTRY - Entered before 2000
408,HC02_VC152,Estimate Margin of Error; YEAR OF ENTRY - Entered before 2000
409,HC03_VC152,Percent; YEAR OF ENTRY - Entered before 2000
410,HC04_VC152,Percent Margin of Error; YEAR OF ENTRY - Entered before 2000
411,HC01_VC156,"Estimate; WORLD REGION OF BIRTH OF FOREIGN BORN - Foreign-born population, excluding population born at sea"
412,HC02_VC156,"Estimate Margin of Error; WORLD REGION OF BIRTH OF FOREIGN BORN - Foreign-born population, excluding population born at sea"
413,HC03_VC156,"Percent; WORLD REGION OF BIRTH OF FOREIGN BORN - Foreign-born population, excluding population born at sea"
414,HC04_VC156,"Percent Margin of Error; WORLD REGION OF BIRTH OF FOREIGN BORN - Foreign-born population, excluding population born at sea"
415,HC01_VC157,Estimate; WORLD REGION OF BIRTH OF FOREIGN BORN - Europe
416,HC02_VC157,Estimate Margin of Error; WORLD REGION OF BIRTH OF FOREIGN BORN - Europe
417,HC03_VC157,Percent; WORLD REGION OF BIRTH OF FOREIGN BORN - Europe
418,HC04_VC157,Percent Margin of Error; WORLD REGION OF BIRTH OF FOREIGN BORN - Europe
419,HC01_VC158,Estimate; WORLD REGION OF BIRTH OF FOREIGN BORN - Asia
420,HC02_VC158,Estimate Margin of Error; WORLD REGION OF BIRTH OF FOREIGN BORN - Asia
421,HC03_VC158,Percent; WORLD REGION OF BIRTH OF FOREIGN BORN - Asia
422,HC04_VC158,Percent Margin of Error; WORLD REGION OF BIRTH OF FOREIGN BORN - Asia
423,HC01_VC159,Estimate; WORLD REGION OF BIRTH OF FOREIGN BORN - Africa
424,HC02_VC159,Estimate Margin of Error; WORLD REGION OF BIRTH OF FOREIGN BORN - Africa
425,HC03_VC159,Percent; WORLD REGION OF BIRTH OF FOREIGN BORN - Africa
426,HC04_VC159,Percent Margin of Error; WORLD REGION OF BIRTH OF FOREIGN BORN - Africa
427,HC01_VC160,Estimate; WORLD REGION OF BIRTH OF FOREIGN BORN - Oceania
428,HC02_VC160,Estimate Margin of Error; WORLD REGION OF BIRTH OF FOREIGN BORN - Oceania
429,HC03_VC160,Percent; WORLD REGION OF BIRTH OF FOREIGN BORN - Oceania
430,HC04_VC160,Percent Margin of Error; WORLD REGION OF BIRTH OF FOREIGN BORN - Oceania
431,HC01_VC161,Estimate; WORLD REGION OF BIRTH OF FOREIGN BORN - Latin America
432,HC02_VC161,Estimate Margin of Error; WORLD REGION OF BIRTH OF FOREIGN BORN - Latin America
433,HC03_VC161,Percent; WORLD REGION OF BIRTH OF FOREIGN BORN - Latin America
434,HC04_VC161,Percent Margin of Error; WORLD REGION OF BIRTH OF FOREIGN BORN - Latin America
435,HC01_VC162,Estimate; WORLD REGION OF BIRTH OF FOREIGN BORN - Northern America
436,HC02_VC162,Estimate Margin of Error; WORLD REGION OF BIRTH OF FOREIGN BORN - Northern America
437,HC03_VC162,Percent; WORLD REGION OF BIRTH OF FOREIGN BORN - Northern America
438,HC04_VC162,Percent Margin of Error; WORLD REGION OF BIRTH OF FOREIGN BORN - Northern America
439,HC01_VC166,Estimate; LANGUAGE SPOKEN AT HOME - Population 5 years and over
440,HC02_VC166,Estimate Margin of Error; LANGUAGE SPOKEN AT HOME - Population 5 years and over
441,HC03_VC166,Percent; LANGUAGE SPOKEN AT HOME - Population 5 years and over
442,HC04_VC166,Percent Margin of Error; LANGUAGE SPOKEN AT HOME - Population 5 years and over
443,HC01_VC167,Estimate; LANGUAGE SPOKEN AT HOME - English only
444,HC02_VC167,Estimate Margin of Error; LANGUAGE SPOKEN AT HOME - English only
445,HC03_VC167,Percent; LANGUAGE SPOKEN AT HOME - English only
446,HC04_VC167,Percent Margin of Error; LANGUAGE SPOKEN AT HOME - English only
447,HC01_VC168,Estimate; LANGUAGE SPOKEN AT HOME - Language other than English
448,HC02_VC168,Estimate Margin of Error; LANGUAGE SPOKEN AT HOME - Language other than English
449,HC03_VC168,Percent; LANGUAGE SPOKEN AT HOME - Language other than English
450,HC04_VC168,Percent Margin of Error; LANGUAGE SPOKEN AT HOME - Language other than English
451,HC01_VC170,"Estimate; LANGUAGE SPOKEN AT HOME - Language other than English - Speak English less than ""very well"""
452,HC02_VC170,"Estimate Margin of Error; LANGUAGE SPOKEN AT HOME - Language other than English - Speak English less than ""very well"""
453,HC03_VC170,"Percent; LANGUAGE SPOKEN AT HOME - Language other than English - Speak English less than ""very well"""
454,HC04_VC170,"Percent Margin of Error; LANGUAGE SPOKEN AT HOME - Language other than English - Speak English less than ""very well"""
455,HC01_VC171,Estimate; LANGUAGE SPOKEN AT HOME - Language other than English - Spanish
456,HC02_VC171,Estimate Margin of Error; LANGUAGE SPOKEN AT HOME - Language other than English - Spanish
457,HC03_VC171,Percent; LANGUAGE SPOKEN AT HOME - Language other than English - Spanish
458,HC04_VC171,Percent Margin of Error; LANGUAGE SPOKEN AT HOME - Language other than English - Spanish
459,HC01_VC172,"Estimate; LANGUAGE SPOKEN AT HOME - Language other than English - Spanish - Speak English less than ""very well"""
460,HC02_VC172,"Estimate Margin of Error; LANGUAGE SPOKEN AT HOME - Language other than English - Spanish - Speak English less than ""very well"""
461,HC03_VC172,"Percent; LANGUAGE SPOKEN AT HOME - Language other than English - Spanish - Speak English less than ""very well"""
462,HC04_VC172,"Percent Margin of Error; LANGUAGE SPOKEN AT HOME - Language other than English - Spanish - Speak English less than ""very well"""
463,HC01_VC173,Estimate; LANGUAGE SPOKEN AT HOME - Language other than English - Other Indo-European languages
464,HC02_VC173,Estimate Margin of Error; LANGUAGE SPOKEN AT HOME - Language other than English - Other Indo-European languages
465,HC03_VC173,Percent; LANGUAGE SPOKEN AT HOME - Language other than English - Other Indo-European languages
466,HC04_VC173,Percent Margin of Error; LANGUAGE SPOKEN AT HOME - Language other than English - Other Indo-European languages
467,HC01_VC174,"Estimate; LANGUAGE SPOKEN AT HOME - Language other than English - Other Indo-European languages - Speak English less than ""very well"""
468,HC02_VC174,"Estimate Margin of Error; LANGUAGE SPOKEN AT HOME - Language other than English - Other Indo-European languages - Speak English less than ""very well"""
469,HC03_VC174,"Percent; LANGUAGE SPOKEN AT HOME - Language other than English - Other Indo-European languages - Speak English less than ""very well"""
470,HC04_VC174,"Percent Margin of Error; LANGUAGE SPOKEN AT HOME - Language other than English - Other Indo-European languages - Speak English less than ""very well"""
471,HC01_VC175,Estimate; LANGUAGE SPOKEN AT HOME - Language other than English - Asian and Pacific Islander languages
472,HC02_VC175,Estimate Margin of Error; LANGUAGE SPOKEN AT HOME - Language other than English - Asian and Pacific Islander languages
473,HC03_VC175,Percent; LANGUAGE SPOKEN AT HOME - Language other than English - Asian and Pacific Islander languages
474,HC04_VC175,Percent Margin of Error; LANGUAGE SPOKEN AT HOME - Language other than English - Asian and Pacific Islander languages
475,HC01_VC176,"Estimate; LANGUAGE SPOKEN AT HOME - Language other than English - Asian and Pacific Islander languages - Speak English less than ""very well"""
476,HC02_VC176,"Estimate Margin of Error; LANGUAGE SPOKEN AT HOME - Language other than English - Asian and Pacific Islander languages - Speak English less than ""very well"""
477,HC03_VC176,"Percent; LANGUAGE SPOKEN AT HOME - Language other than English - Asian and Pacific Islander languages - Speak English less than ""very well"""
478,HC04_VC176,"Percent Margin of Error; LANGUAGE SPOKEN AT HOME - Language other than English - Asian and Pacific Islander languages - Speak English less than ""very well"""
479,HC01_VC177,Estimate; LANGUAGE SPOKEN AT HOME - Language other than English - Other languages
480,HC02_VC177,Estimate Margin of Error; LANGUAGE SPOKEN AT HOME - Language other than English - Other languages
481,HC03_VC177,Percent; LANGUAGE SPOKEN AT HOME - Language other than English - Other languages
482,HC04_VC177,Percent Margin of Error; LANGUAGE SPOKEN AT HOME - Language other than English - Other languages
483,HC01_VC178,"Estimate; LANGUAGE SPOKEN AT HOME - Language other than English - Other languages - Speak English less than ""very well"""
484,HC02_VC178,"Estimate Margin of Error; LANGUAGE SPOKEN AT HOME - Language other than English - Other languages - Speak English less than ""very well"""
485,HC03_VC178,"Percent; LANGUAGE SPOKEN AT HOME - Language other than English - Other languages - Speak English less than ""very well"""
486,HC04_VC178,"Percent Margin of Error; LANGUAGE SPOKEN AT HOME - Language other than English - Other languages - Speak English less than ""very well"""
487,HC01_VC182,Estimate; ANCESTRY - Total population
488,HC02_VC182,Estimate Margin of Error; ANCESTRY - Total population
489,HC03_VC182,Percent; ANCESTRY - Total population
490,HC04_VC182,Percent Margin of Error; ANCESTRY - Total population
491,HC01_VC183,Estimate; ANCESTRY - American
492,HC02_VC183,Estimate Margin of Error; ANCESTRY - American
493,HC03_VC183,Percent; ANCESTRY - American
494,HC04_VC183,Percent Margin of Error; ANCESTRY - American
495,HC01_VC184,Estimate; ANCESTRY - Arab
496,HC02_VC184,Estimate Margin of Error; ANCESTRY - Arab
497,HC03_VC184,Percent; ANCESTRY - Arab
498,HC04_VC184,Percent Margin of Error; ANCESTRY - Arab
499,HC01_VC185,Estimate; ANCESTRY - Czech
500,HC02_VC185,Estimate Margin of Error; ANCESTRY - Czech
501,HC03_VC185,Percent; ANCESTRY - Czech
502,HC04_VC185,Percent Margin of Error; ANCESTRY - Czech
503,HC01_VC186,Estimate; ANCESTRY - Danish
504,HC02_VC186,Estimate Margin of Error; ANCESTRY - Danish
505,HC03_VC186,Percent; ANCESTRY - Danish
506,HC04_VC186,Percent Margin of Error; ANCESTRY - Danish
507,HC01_VC187,Estimate; ANCESTRY - Dutch
508,HC02_VC187,Estimate Margin of Error; ANCESTRY - Dutch
509,HC03_VC187,Percent; ANCESTRY - Dutch
510,HC04_VC187,Percent Margin of Error; ANCESTRY - Dutch
511,HC01_VC188,Estimate; ANCESTRY - English
512,HC02_VC188,Estimate Margin of Error; ANCESTRY - English
513,HC03_VC188,Percent; ANCESTRY - English
514,HC04_VC188,Percent Margin of Error; ANCESTRY - English
515,HC01_VC189,Estimate; ANCESTRY - French (except Basque)
516,HC02_VC189,Estimate Margin of Error; ANCESTRY - French (except Basque)
517,HC03_VC189,Percent; ANCESTRY - French (except Basque)
518,HC04_VC189,Percent Margin of Error; ANCESTRY - French (except Basque)
519,HC01_VC190,Estimate; ANCESTRY - French Canadian
520,HC02_VC190,Estimate Margin of Error; ANCESTRY - French Canadian
521,HC03_VC190,Percent; ANCESTRY - French Canadian
522,HC04_VC190,Percent Margin of Error; ANCESTRY - French Canadian
523,HC01_VC191,Estimate; ANCESTRY - German
524,HC02_VC191,Estimate Margin of Error; ANCESTRY - German
525,HC03_VC191,Percent; ANCESTRY - German
526,HC04_VC191,Percent Margin of Error; ANCESTRY - German
527,HC01_VC192,Estimate; ANCESTRY - Greek
528,HC02_VC192,Estimate Margin of Error; ANCESTRY - Greek
529,HC03_VC192,Percent; ANCESTRY - Greek
530,HC04_VC192,Percent Margin of Error; ANCESTRY - Greek
531,HC01_VC193,Estimate; ANCESTRY - Hungarian
532,HC02_VC193,Estimate Margin of Error; ANCESTRY - Hungarian
533,HC03_VC193,Percent; ANCESTRY - Hungarian
534,HC04_VC193,Percent Margin of Error; ANCESTRY - Hungarian
535,HC01_VC194,Estimate; ANCESTRY - Irish
536,HC02_VC194,Estimate Margin of Error; ANCESTRY - Irish
537,HC03_VC194,Percent; ANCESTRY - Irish
538,HC04_VC194,Percent Margin of Error; ANCESTRY - Irish
539,HC01_VC195,Estimate; ANCESTRY - Italian
540,HC02_VC195,Estimate Margin of Error; ANCESTRY - Italian
541,HC03_VC195,Percent; ANCESTRY - Italian
542,HC04_VC195,Percent Margin of Error; ANCESTRY - Italian
543,HC01_VC196,Estimate; ANCESTRY - Lithuanian
544,HC02_VC196,Estimate Margin of Error; ANCESTRY - Lithuanian
545,HC03_VC196,Percent; ANCESTRY - Lithuanian
546,HC04_VC196,Percent Margin of Error; ANCESTRY - Lithuanian
547,HC01_VC197,Estimate; ANCESTRY - Norwegian
548,HC02_VC197,Estimate Margin of Error; ANCESTRY - Norwegian
549,HC03_VC197,Percent; ANCESTRY - Norwegian
550,HC04_VC197,Percent Margin of Error; ANCESTRY - Norwegian
551,HC01_VC198,Estimate; ANCESTRY - Polish
552,HC02_VC198,Estimate Margin of Error; ANCESTRY - Polish
553,HC03_VC198,Percent; ANCESTRY - Polish
554,HC04_VC198,Percent Margin of Error; ANCESTRY - Polish
555,HC01_VC199,Estimate; ANCESTRY - Portuguese
556,HC02_VC199,Estimate Margin of Error; ANCESTRY - Portuguese
557,HC03_VC199,Percent; ANCESTRY - Portuguese
558,HC04_VC199,Percent Margin of Error; ANCESTRY - Portuguese
559,HC01_VC200,Estimate; ANCESTRY - Russian
560,HC02_VC200,Estimate Margin of Error; ANCESTRY - Russian
561,HC03_VC200,Percent; ANCESTRY - Russian
562,HC04_VC200,Percent Margin of Error; ANCESTRY - Russian
563,HC01_VC201,Estimate; ANCESTRY - Scotch-Irish
564,HC02_VC201,Estimate Margin of Error; ANCESTRY - Scotch-Irish
565,HC03_VC201,Percent; ANCESTRY - Scotch-Irish
566,HC04_VC201,Percent Margin of Error; ANCESTRY - Scotch-Irish
567,HC01_VC202,Estimate; ANCESTRY - Scottish
568,HC02_VC202,Estimate Margin of Error; ANCESTRY - Scottish
569,HC03_VC202,Percent; ANCESTRY - Scottish
570,HC04_VC202,Percent Margin of Error; ANCESTRY - Scottish
571,HC01_VC203,Estimate; ANCESTRY - Slovak
572,HC02_VC203,Estimate Margin of Error; ANCESTRY - Slovak
573,HC03_VC203,Percent; ANCESTRY - Slovak
574,HC04_VC203,Percent Margin of Error; ANCESTRY - Slovak
575,HC01_VC204,Estimate; ANCESTRY - Subsaharan African
576,HC02_VC204,Estimate Margin of Error; ANCESTRY - Subsaharan African
577,HC03_VC204,Percent; ANCESTRY - Subsaharan African
578,HC04_VC204,Percent Margin of Error; ANCESTRY - Subsaharan African
579,HC01_VC205,Estimate; ANCESTRY - Swedish
580,HC02_VC205,Estimate Margin of Error; ANCESTRY - Swedish
581,HC03_VC205,Percent; ANCESTRY - Swedish
582,HC04_VC205,Percent Margin of Error; ANCESTRY - Swedish
583,HC01_VC206,Estimate; ANCESTRY - Swiss
584,HC02_VC206,Estimate Margin of Error; ANCESTRY - Swiss
585,HC03_VC206,Percent; ANCESTRY - Swiss
586,HC04_VC206,Percent Margin of Error; ANCESTRY - Swiss
587,HC01_VC207,Estimate; ANCESTRY - Ukrainian
588,HC02_VC207,Estimate Margin of Error; ANCESTRY - Ukrainian
589,HC03_VC207,Percent; ANCESTRY - Ukrainian
590,HC04_VC207,Percent Margin of Error; ANCESTRY - Ukrainian
591,HC01_VC208,Estimate; ANCESTRY - Welsh
592,HC02_VC208,Estimate Margin of Error; ANCESTRY - Welsh
593,HC03_VC208,Percent; ANCESTRY - Welsh
594,HC04_VC208,Percent Margin of Error; ANCESTRY - Welsh
595,HC01_VC209,Estimate; ANCESTRY - West Indian (excluding Hispanic origin groups)
596,HC02_VC209,Estimate Margin of Error; ANCESTRY - West Indian (excluding Hispanic origin groups)
597,HC03_VC209,Percent; ANCESTRY - West Indian (excluding Hispanic origin groups)
598,HC04_VC209,Percent Margin of Error; ANCESTRY - West Indian (excluding Hispanic origin groups)
11,HC01_VC05,Estimate; HOUSEHOLDS BY TYPE - Total households - Family households (families) - With own children under 18 years
12,HC02_VC05,Margin of Error; HOUSEHOLDS BY TYPE - Total households - Family households (families) - With own children under 18 years
13,HC03_VC05,Percent; HOUSEHOLDS BY TYPE - Total households - Family households (families) - With own children under 18 years
14,HC04_VC05,Percent Margin of Error; HOUSEHOLDS BY TYPE - Total households - Family households (families) - With own children under 18 years
63,HC01_VC22,Estimate; HOUSEHOLDS BY TYPE - Average family size
64,HC02_VC22,Margin of Error; HOUSEHOLDS BY TYPE - Average family size
65,HC03_VC22,Percent; HOUSEHOLDS BY TYPE - Average family size
66,HC04_VC22,Percent Margin of Error; HOUSEHOLDS BY TYPE - Average family size
91,HC01_VC32,Estimate; RELATIONSHIP - Population in households - Nonrelatives - Unmarried partner
92,HC02_VC32,Margin of Error; RELATIONSHIP - Population in households - Nonrelatives - Unmarried partner
93,HC03_VC32,Percent; RELATIONSHIP - Population in households - Nonrelatives - Unmarried partner
94,HC04_VC32,Percent Margin of Error; RELATIONSHIP - Population in households - Nonrelatives - Unmarried partner
115,HC01_VC41,Estimate; MARITAL STATUS - Males 15 years and over - Divorced
116,HC02_VC41,Margin of Error; MARITAL STATUS - Males 15 years and over - Divorced
117,HC03_VC41,Percent; MARITAL STATUS - Males 15 years and over - Divorced
118,HC04_VC41,Percent Margin of Error; MARITAL STATUS - Males 15 years and over - Divorced
139,HC01_VC48,Estimate; MARITAL STATUS - Females 15 years and over - Divorced
140,HC02_VC48,Margin of Error; MARITAL STATUS - Females 15 years and over - Divorced
141,HC03_VC48,Percent; MARITAL STATUS - Females 15 years and over - Divorced
142,HC04_VC48,Percent Margin of Error; MARITAL STATUS - Females 15 years and over - Divorced
167,HC01_VC58,"Estimate; FERTILITY - Number of women 15 to 50 years old who had a birth in the past 12 months - Per 1,000 women 35 to 50 years old"
168,HC02_VC58,"Margin of Error; FERTILITY - Number of women 15 to 50 years old who had a birth in the past 12 months - Per 1,000 women 35 to 50 years old"
169,HC03_VC58,"Percent; FERTILITY - Number of women 15 to 50 years old who had a birth in the past 12 months - Per 1,000 women 35 to 50 years old"
170,HC04_VC58,"Percent Margin of Error; FERTILITY - Number of women 15 to 50 years old who had a birth in the past 12 months - Per 1,000 women 35 to 50 years old"
175,HC01_VC63,Estimate; GRANDPARENTS - Number of grandparents living with own grandchildren under 18 years - Responsible for grandchildren
176,HC02_VC63,Margin of Error; GRANDPARENTS - Number of grandparents living with own grandchildren under 18 years - Responsible for grandchildren
177,HC03_VC63,Percent; GRANDPARENTS - Number of grandparents living with own grandchildren under 18 years - Responsible for grandchildren
178,HC04_VC63,Percent Margin of Error; GRANDPARENTS - Number of grandparents living with own grandchildren under 18 years - Responsible for grandchildren
191,HC01_VC68,Estimate; GRANDPARENTS - Number of grandparents living with own grandchildren under 18 years - Years responsible for grandchildren - 5 or more years
192,HC02_VC68,Margin of Error; GRANDPARENTS - Number of grandparents living with own grandchildren under 18 years - Years responsible for grandchildren - 5 or more years
193,HC03_VC68,Percent; GRANDPARENTS - Number of grandparents living with own grandchildren under 18 years - Years responsible for grandchildren - 5 or more years
194,HC04_VC68,Percent Margin of Error; GRANDPARENTS - Number of grandparents living with own grandchildren under 18 years - Years responsible for grandchildren - 5 or more years
203,HC01_VC72,Estimate; GRANDPARENTS - Number of grandparents responsible for own grandchildren under 18 years - Who are married
204,HC02_VC72,Margin of Error; GRANDPARENTS - Number of grandparents responsible for own grandchildren under 18 years - Who are married
205,HC03_VC72,Percent; GRANDPARENTS - Number of grandparents responsible for own grandchildren under 18 years - Who are married
206,HC04_VC72,Percent Margin of Error; GRANDPARENTS - Number of grandparents responsible for own grandchildren under 18 years - Who are married
227,HC01_VC81,Estimate; SCHOOL ENROLLMENT - Population 3 years and over enrolled in school - College or graduate school
228,HC02_VC81,Margin of Error; SCHOOL ENROLLMENT - Population 3 years and over enrolled in school - College or graduate school
229,HC03_VC81,Percent; SCHOOL ENROLLMENT - Population 3 years and over enrolled in school - College or graduate school
230,HC04_VC81,Percent Margin of Error; SCHOOL ENROLLMENT - Population 3 years and over enrolled in school - College or graduate school
259,HC01_VC92,Estimate; EDUCATIONAL ATTAINMENT - Population 25 years and over - Graduate or professional degree
260,HC02_VC92,Margin of Error; EDUCATIONAL ATTAINMENT - Population 25 years and over - Graduate or professional degree
261,HC03_VC92,Percent; EDUCATIONAL ATTAINMENT - Population 25 years and over - Graduate or professional degree
262,HC04_VC92,Percent Margin of Error; EDUCATIONAL ATTAINMENT - Population 25 years and over - Graduate or professional degree
263,HC01_VC95,Estimate; EDUCATIONAL ATTAINMENT - Percent high school graduate or higher
264,HC02_VC95,Margin of Error; EDUCATIONAL ATTAINMENT - Percent high school graduate or higher
265,HC03_VC95,Percent; EDUCATIONAL ATTAINMENT - Percent high school graduate or higher
266,HC04_VC95,Percent Margin of Error; EDUCATIONAL ATTAINMENT - Percent high school graduate or higher
267,HC01_VC96,Estimate; EDUCATIONAL ATTAINMENT - Percent bachelor's degree or higher
268,HC02_VC96,Margin of Error; EDUCATIONAL ATTAINMENT - Percent bachelor's degree or higher
269,HC03_VC96,Percent; EDUCATIONAL ATTAINMENT - Percent bachelor's degree or higher
270,HC04_VC96,Percent Margin of Error; EDUCATIONAL ATTAINMENT - Percent bachelor's degree or higher
271,HC01_VC100,Estimate; VETERAN STATUS - Civilian population 18 years and over
272,HC02_VC100,Margin of Error; VETERAN STATUS - Civilian population 18 years and over
273,HC03_VC100,Percent; VETERAN STATUS - Civilian population 18 years and over
274,HC04_VC100,Percent Margin of Error; VETERAN STATUS - Civilian population 18 years and over
275,HC01_VC101,Estimate; VETERAN STATUS - Civilian population 18 years and over - Civilian veterans
276,HC02_VC101,Margin of Error; VETERAN STATUS - Civilian population 18 years and over - Civilian veterans
277,HC03_VC101,Percent; VETERAN STATUS - Civilian population 18 years and over - Civilian veterans
278,HC04_VC101,Percent Margin of Error; VETERAN STATUS - Civilian population 18 years and over - Civilian veterans
279,HC01_VC105,Estimate; DISABILITY STATUS OF THE CIVILIAN NONINSTITUTIONALIZED POPULATION - Total Civilian Noninstitutionalized Population
280,HC02_VC105,Margin of Error; DISABILITY STATUS OF THE CIVILIAN NONINSTITUTIONALIZED POPULATION - Total Civilian Noninstitutionalized Population
281,HC03_VC105,Percent; DISABILITY STATUS OF THE CIVILIAN NONINSTITUTIONALIZED POPULATION - Total Civilian Noninstitutionalized Population
282,HC04_VC105,Percent Margin of Error; DISABILITY STATUS OF THE CIVILIAN NONINSTITUTIONALIZED POPULATION - Total Civilian Noninstitutionalized Population
287,HC01_VC108,Estimate; DISABILITY STATUS OF THE CIVILIAN NONINSTITUTIONALIZED POPULATION - Under 18 years
288,HC02_VC108,Margin of Error; DISABILITY STATUS OF THE CIVILIAN NONINSTITUTIONALIZED POPULATION - Under 18 years
289,HC03_VC108,Percent; DISABILITY STATUS OF THE CIVILIAN NONINSTITUTIONALIZED POPULATION - Under 18 years
290,HC04_VC108,Percent Margin of Error; DISABILITY STATUS OF THE CIVILIAN NONINSTITUTIONALIZED POPULATION - Under 18 years
295,HC01_VC111,Estimate; DISABILITY STATUS OF THE CIVILIAN NONINSTITUTIONALIZED POPULATION - 18 to 64 years
296,HC02_VC111,Margin of Error; DISABILITY STATUS OF THE CIVILIAN NONINSTITUTIONALIZED POPULATION - 18 to 64 years
297,HC03_VC111,Percent; DISABILITY STATUS OF THE CIVILIAN NONINSTITUTIONALIZED POPULATION - 18 to 64 years
298,HC04_VC111,Percent Margin of Error; DISABILITY STATUS OF THE CIVILIAN NONINSTITUTIONALIZED POPULATION - 18 to 64 years
303,HC01_VC114,Estimate; DISABILITY STATUS OF THE CIVILIAN NONINSTITUTIONALIZED POPULATION - 65 years and over
304,HC02_VC114,Margin of Error; DISABILITY STATUS OF THE CIVILIAN NONINSTITUTIONALIZED POPULATION - 65 years and over
305,HC03_VC114,Percent; DISABILITY STATUS OF THE CIVILIAN NONINSTITUTIONALIZED POPULATION - 65 years and over
306,HC04_VC114,Percent Margin of Error; DISABILITY STATUS OF THE CIVILIAN NONINSTITUTIONALIZED POPULATION - 65 years and over
307,HC01_VC115,Estimate; DISABILITY STATUS OF THE CIVILIAN NONINSTITUTIONALIZED POPULATION - 65 years and over - With a disability
308,HC02_VC115,Margin of Error; DISABILITY STATUS OF THE CIVILIAN NONINSTITUTIONALIZED POPULATION - 65 years and over - With a disability
309,HC03_VC115,Percent; DISABILITY STATUS OF THE CIVILIAN NONINSTITUTIONALIZED POPULATION - 65 years and over - With a disability
310,HC04_VC115,Percent Margin of Error; DISABILITY STATUS OF THE CIVILIAN NONINSTITUTIONALIZED POPULATION - 65 years and over - With a disability
335,HC01_VC125,Estimate; RESIDENCE 1 YEAR AGO - Population 1 year and over - Different house in the U.S. - Different county - Different state
336,HC02_VC125,Margin of Error; RESIDENCE 1 YEAR AGO - Population 1 year and over - Different house in the U.S. - Different county - Different state
337,HC03_VC125,Percent; RESIDENCE 1 YEAR AGO - Population 1 year and over - Different house in the U.S. - Different county - Different state
338,HC04_VC125,Percent Margin of Error; RESIDENCE 1 YEAR AGO - Population 1 year and over - Different house in the U.S. - Different county - Different state
339,HC01_VC126,Estimate; RESIDENCE 1 YEAR AGO - Population 1 year and over - Abroad
340,HC02_VC126,Margin of Error; RESIDENCE 1 YEAR AGO - Population 1 year and over - Abroad
341,HC03_VC126,Percent; RESIDENCE 1 YEAR AGO - Population 1 year and over - Abroad
342,HC04_VC126,Percent Margin of Error; RESIDENCE 1 YEAR AGO - Population 1 year and over - Abroad
363,HC01_VC135,"Estimate; PLACE OF BIRTH - Total population - Native - Born in Puerto Rico, U.S. Island areas, or born abroad to American parent(s)"
364,HC02_VC135,"Margin of Error; PLACE OF BIRTH - Total population - Native - Born in Puerto Rico, U.S. Island areas, or born abroad to American parent(s)"
365,HC03_VC135,"Percent; PLACE OF BIRTH - Total population - Native - Born in Puerto Rico, U.S. Island areas, or born abroad to American parent(s)"
366,HC04_VC135,"Percent Margin of Error; PLACE OF BIRTH - Total population - Native - Born in Puerto Rico, U.S. Island areas, or born abroad to American parent(s)"
367,HC01_VC136,Estimate; PLACE OF BIRTH - Total population - Foreign born
368,HC02_VC136,Margin of Error; PLACE OF BIRTH - Total population - Foreign born
369,HC03_VC136,Percent; PLACE OF BIRTH - Total population - Foreign born
370,HC04_VC136,Percent Margin of Error; PLACE OF BIRTH - Total population - Foreign born
375,HC01_VC141,Estimate; U.S. CITIZENSHIP STATUS - Foreign-born population - Naturalized U.S. citizen
376,HC02_VC141,Margin of Error; U.S. CITIZENSHIP STATUS - Foreign-born population - Naturalized U.S. citizen
377,HC03_VC141,Percent; U.S. CITIZENSHIP STATUS - Foreign-born population - Naturalized U.S. citizen
378,HC04_VC141,Percent Margin of Error; U.S. CITIZENSHIP STATUS - Foreign-born population - Naturalized U.S. citizen
379,HC01_VC142,Estimate; U.S. CITIZENSHIP STATUS - Foreign-born population - Not a U.S. citizen
380,HC02_VC142,Margin of Error; U.S. CITIZENSHIP STATUS - Foreign-born population - Not a U.S. citizen
381,HC03_VC142,Percent; U.S. CITIZENSHIP STATUS - Foreign-born population - Not a U.S. citizen
382,HC04_VC142,Percent Margin of Error; U.S. CITIZENSHIP STATUS - Foreign-born population - Not a U.S. citizen
387,HC01_VC149,Estimate; YEAR OF ENTRY - Native
388,HC02_VC149,Margin of Error; YEAR OF ENTRY - Native
389,HC03_VC149,Percent; YEAR OF ENTRY - Native
390,HC04_VC149,Percent Margin of Error; YEAR OF ENTRY - Native
399,HC01_VC154,Estimate; YEAR OF ENTRY - Foreign born
400,HC02_VC154,Margin of Error; YEAR OF ENTRY - Foreign born
401,HC03_VC154,Percent; YEAR OF ENTRY - Foreign born
402,HC04_VC154,Percent Margin of Error; YEAR OF ENTRY - Foreign born
403,HC01_VC155,Estimate; YEAR OF ENTRY - Foreign born - Entered 2010 or later
404,HC02_VC155,Margin of Error; YEAR OF ENTRY - Foreign born - Entered 2010 or later
405,HC03_VC155,Percent; YEAR OF ENTRY - Foreign born - Entered 2010 or later
406,HC04_VC155,Percent Margin of Error; YEAR OF ENTRY - Foreign born - Entered 2010 or later
423,HC01_VC163,"Estimate; WORLD REGION OF BIRTH OF FOREIGN BORN - Foreign-born population, excluding population born at sea - Africa"
424,HC02_VC163,"Margin of Error; WORLD REGION OF BIRTH OF FOREIGN BORN - Foreign-born population, excluding population born at sea - Africa"
425,HC03_VC163,"Percent; WORLD REGION OF BIRTH OF FOREIGN BORN - Foreign-born population, excluding population born at sea - Africa"
426,HC04_VC163,"Percent Margin of Error; WORLD REGION OF BIRTH OF FOREIGN BORN - Foreign-born population, excluding population born at sea - Africa"
427,HC01_VC164,"Estimate; WORLD REGION OF BIRTH OF FOREIGN BORN - Foreign-born population, excluding population born at sea - Oceania"
428,HC02_VC164,"Margin of Error; WORLD REGION OF BIRTH OF FOREIGN BORN - Foreign-born population, excluding population born at sea - Oceania"
429,HC03_VC164,"Percent; WORLD REGION OF BIRTH OF FOREIGN BORN - Foreign-born population, excluding population born at sea - Oceania"
430,HC04_VC164,"Percent Margin of Error; WORLD REGION OF BIRTH OF FOREIGN BORN - Foreign-born population, excluding population born at sea - Oceania"
431,HC01_VC165,"Estimate; WORLD REGION OF BIRTH OF FOREIGN BORN - Foreign-born population, excluding population born at sea - Latin America"
432,HC02_VC165,"Margin of Error; WORLD REGION OF BIRTH OF FOREIGN BORN - Foreign-born population, excluding population born at sea - Latin America"
433,HC03_VC165,"Percent; WORLD REGION OF BIRTH OF FOREIGN BORN - Foreign-born population, excluding population born at sea - Latin America"
434,HC04_VC165,"Percent Margin of Error; WORLD REGION OF BIRTH OF FOREIGN BORN - Foreign-born population, excluding population born at sea - Latin America"
475,HC01_VC179,"Estimate; LANGUAGE SPOKEN AT HOME - Population 5 years and over - Asian and Pacific Islander languages - Speak English less than ""very well"""
476,HC02_VC179,"Margin of Error; LANGUAGE SPOKEN AT HOME - Population 5 years and over - Asian and Pacific Islander languages - Speak English less than ""very well"""
477,HC03_VC179,"Percent; LANGUAGE SPOKEN AT HOME - Population 5 years and over - Asian and Pacific Islander languages - Speak English less than ""very well"""
478,HC04_VC179,"Percent Margin of Error; LANGUAGE SPOKEN AT HOME - Population 5 years and over - Asian and Pacific Islander languages - Speak English less than ""very well"""
479,HC01_VC180,Estimate; LANGUAGE SPOKEN AT HOME - Population 5 years and over - Other languages
480,HC02_VC180,Margin of Error; LANGUAGE SPOKEN AT HOME - Population 5 years and over - Other languages
481,HC03_VC180,Percent; LANGUAGE SPOKEN AT HOME - Population 5 years and over - Other languages
482,HC04_VC180,Percent Margin of Error; LANGUAGE SPOKEN AT HOME - Population 5 years and over - Other languages
483,HC01_VC181,"Estimate; LANGUAGE SPOKEN AT HOME - Population 5 years and over - Other languages - Speak English less than ""very well"""
484,HC02_VC181,"Margin of Error; LANGUAGE SPOKEN AT HOME - Population 5 years and over - Other languages - Speak English less than ""very well"""
485,HC03_VC181,"Percent; LANGUAGE SPOKEN AT HOME - Population 5 years and over - Other languages - Speak English less than ""very well"""
486,HC04_VC181,"Percent Margin of Error; LANGUAGE SPOKEN AT HOME - Population 5 years and over - Other languages - Speak English less than ""very well"""
587,HC01_VC210,Estimate; ANCESTRY - Total population - Ukrainian
588,HC02_VC210,Margin of Error; ANCESTRY - Total population - Ukrainian
589,HC03_VC210,Percent; ANCESTRY - Total population - Ukrainian
590,HC04_VC210,Percent Margin of Error; ANCESTRY - Total population - Ukrainian
591,HC01_VC211,Estimate; ANCESTRY - Total population - Welsh
592,HC02_VC211,Margin of Error; ANCESTRY - Total population - Welsh
593,HC03_VC211,Percent; ANCESTRY - Total population - Welsh
594,HC04_VC211,Percent Margin of Error; ANCESTRY - Total population - Welsh
595,HC01_VC212,Estimate; ANCESTRY - Total population - West Indian (excluding Hispanic origin groups)
596,HC02_VC212,Margin of Error; ANCESTRY - Total population - West Indian (excluding Hispanic origin groups)
597,HC03_VC212,Percent; ANCESTRY - Total population - West Indian (excluding Hispanic origin groups)
598,HC04_VC212,Percent Margin of Error; ANCESTRY - Total population - West Indian (excluding Hispanic origin groups)
599,HC01_VC216,Estimate; COMPUTERS AND INTERNET USE - Total Households
600,HC02_VC216,Margin of Error; COMPUTERS AND INTERNET USE - Total Households
601,HC03_VC216,Percent; COMPUTERS AND INTERNET USE - Total Households
602,HC04_VC216,Percent Margin of Error; COMPUTERS AND INTERNET USE - Total Households
603,HC01_VC217,Estimate; COMPUTERS AND INTERNET USE - Total Households - With a computer
604,HC02_VC217,Margin of Error; COMPUTERS AND INTERNET USE - Total Households - With a computer
605,HC03_VC217,Percent; COMPUTERS AND INTERNET USE - Total Households - With a computer
606,HC04_VC217,Percent Margin of Error; COMPUTERS AND INTERNET USE - Total Households - With a computer
607,HC01_VC218,Estimate; COMPUTERS AND INTERNET USE - Total Households - With a broadband Internet subscription
608,HC02_VC218,Margin of Error; COMPUTERS AND INTERNET USE - Total Households - With a broadband Internet subscription
609,HC03_VC218,Percent; COMPUTERS AND INTERNET USE - Total Households - With a broadband Internet subscription
610,HC04_VC218,Percent Margin of Error; COMPUTERS AND INTERNET USE - Total Households - With a broadband Internet subscription
